,danceability,energy,key,loudness,mode,speechiness,acousticness,instrumentalness,liveness,valence,tempo,type,id,uri,track_href,analysis_url,duration_ms,time_signature,Song Name,Artist,Genres,gb
0,0.414,0.404,0,-9.928,0,0.0499,0.271,0.0,0.3,0.224,71.105,audio_features,1AhDOtG9vPSOmsWgNW0BEY,spotify:track:1AhDOtG9vPSOmsWgNW0BEY,https://api.spotify.com/v1/tracks/1AhDOtG9vPSOmsWgNW0BEY,https://api.spotify.com/v1/audio-analysis/1AhDOtG9vPSOmsWgNW0BEY,354320,4,Bohemian Rhapsody - Remastered 2011,Queen,Rock,"['classic rock', 'glam rock', 'rock']"
1,0.454,0.91,6,-7.766,1,0.0448,0.0866,0.0996,0.116,0.629,125.116,audio_features,7o2CTH4ctstm8TNelqjb51,spotify:track:7o2CTH4ctstm8TNelqjb51,https://api.spotify.com/v1/tracks/7o2CTH4ctstm8TNelqjb51,https://api.spotify.com/v1/audio-analysis/7o2CTH4ctstm8TNelqjb51,354520,4,Sweet Child O' Mine,Guns N' Roses,Metal,"['glam metal', 'hard rock', 'rock']"
2,0.502,0.912,1,-4.556,1,0.0564,2.55e-05,0.000173,0.106,0.72,116.761,audio_features,1f3yAtsJtY87CTmM8RLnxf,spotify:track:1f3yAtsJtY87CTmM8RLnxf,https://api.spotify.com/v1/tracks/1f3yAtsJtY87CTmM8RLnxf,https://api.spotify.com/v1/audio-analysis/1f3yAtsJtY87CTmM8RLnxf,301920,4,Smells Like Teen Spirit,Nirvana,Rock,"['grunge', 'permanent wave', 'rock']"
3,0.547,0.257,0,-12.358,1,0.0252,0.907,0.183,0.0935,0.169,75.752,audio_features,7pKfPomDEeI4TPT6EOYjn9,spotify:track:7pKfPomDEeI4TPT6EOYjn9,https://api.spotify.com/v1/tracks/7pKfPomDEeI4TPT6EOYjn9,https://api.spotify.com/v1/audio-analysis/7pKfPomDEeI4TPT6EOYjn9,187867,4,Imagine - Remastered 2010,John Lennon,Rock,"['album rock', 'art rock', 'beatlesque', 'classic rock', 'folk rock', 'mellow gold', 'rock', 'soft rock']"
4,0.369,0.762,10,-8.993,1,0.0464,0.22,2.8e-05,0.579,0.644,84.957,audio_features,5NwkWwfRJaT55hEPtCmJHx,spotify:track:5NwkWwfRJaT55hEPtCmJHx,https://api.spotify.com/v1/tracks/5NwkWwfRJaT55hEPtCmJHx,https://api.spotify.com/v1/audio-analysis/5NwkWwfRJaT55hEPtCmJHx,302107,4,You're the Voice,John Farnham,Pop,"['australian pop', 'australian rock']"
5,0.338,0.34,9,-12.049,0,0.0339,0.58,0.0032,0.116,0.197,82.433,audio_features,5CQ30WqJwcep0pYcV4AMNc,spotify:track:5CQ30WqJwcep0pYcV4AMNc,https://api.spotify.com/v1/tracks/5CQ30WqJwcep0pYcV4AMNc,https://api.spotify.com/v1/audio-analysis/5CQ30WqJwcep0pYcV4AMNc,482830,4,Stairway to Heaven - Remaster,Led Zeppelin,Rock,"['album rock', 'classic rock', 'hard rock', 'rock']"
6,0.367,0.452,10,-10.422,1,0.0307,0.0353,0.00228,0.689,0.189,113.066,audio_features,54X78diSLoUDI3joC2bjMz,spotify:track:54X78diSLoUDI3joC2bjMz,https://api.spotify.com/v1/tracks/54X78diSLoUDI3joC2bjMz,https://api.spotify.com/v1/audio-analysis/54X78diSLoUDI3joC2bjMz,520787,4,Purple Rain,Prince,Rock,"['funk', 'funk rock', 'minneapolis sound', 'synth funk']"
7,0.456,0.863,3,-3.551,1,0.0894,0.133,0.0538,0.0553,0.532,135.962,audio_features,7nemcVsXVFZF01iqpIIo2Y,spotify:track:7nemcVsXVFZF01iqpIIo2Y,https://api.spotify.com/v1/tracks/7nemcVsXVFZF01iqpIIo2Y,https://api.spotify.com/v1/audio-analysis/7nemcVsXVFZF01iqpIIo2Y,301227,4,It's a Long Way to the Top (If You Wanna Rock 'N' Roll),AC/DC,Rock,"['australian rock', 'hard rock', 'rock']"
8,0.777,0.818,11,-5.64,1,0.0462,0.0906,2.98e-05,0.714,0.847,118.405,audio_features,20efeySIfZoiSaISGLBbNs,spotify:track:20efeySIfZoiSaISGLBbNs,https://api.spotify.com/v1/tracks/20efeySIfZoiSaISGLBbNs,https://api.spotify.com/v1/audio-analysis/20efeySIfZoiSaISGLBbNs,312413,4,Thriller - Single Version,Michael Jackson,Pop,"['pop', 'r&b', 'soul']"
9,0.725,0.853,2,-7.842,1,0.0353,0.0348,0.127,0.196,0.904,136.282,audio_features,7fSGbZLhWlAiCC3HDPAULu,spotify:track:7fSGbZLhWlAiCC3HDPAULu,https://api.spotify.com/v1/tracks/7fSGbZLhWlAiCC3HDPAULu,https://api.spotify.com/v1/audio-analysis/7fSGbZLhWlAiCC3HDPAULu,222813,4,(I Can't Get No) Satisfaction - Mono Version / Remastered 2002,The Rolling Stones,Rock,"['british invasion', 'classic rock', 'rock']"
10,0.543,0.87,9,-6.514,1,0.0428,0.358,0.000939,0.792,0.754,100.804,audio_features,01iyCAUm8EvOFqVWYJ3dVX,spotify:track:01iyCAUm8EvOFqVWYJ3dVX,https://api.spotify.com/v1/tracks/01iyCAUm8EvOFqVWYJ3dVX,https://api.spotify.com/v1/audio-analysis/01iyCAUm8EvOFqVWYJ3dVX,230400,4,Dancing Queen,ABBA,Pop,"['europop', 'swedish pop']"
11,0.559,0.687,0,-10.912,1,0.0311,0.0591,3.59e-05,0.0896,0.854,122.666,audio_features,2tyW1uBUnYMKAFEfKDKi9B,spotify:track:2tyW1uBUnYMKAFEfKDKi9B,https://api.spotify.com/v1/tracks/2tyW1uBUnYMKAFEfKDKi9B,https://api.spotify.com/v1/audio-analysis/2tyW1uBUnYMKAFEfKDKi9B,250307,4,Livin' On A Prayer,Bon Jovi,Metal,"['glam metal', 'hard rock', 'rock']"
12,0.418,0.882,2,-9.083,1,0.0405,0.279,0.000678,0.111,0.733,94.717,audio_features,2rKjTiwhbkdM2focSdHc7p,spotify:track:2rKjTiwhbkdM2focSdHc7p,https://api.spotify.com/v1/tracks/2rKjTiwhbkdM2focSdHc7p,https://api.spotify.com/v1/audio-analysis/2rKjTiwhbkdM2focSdHc7p,162107,4,Friday on My Mind,The Easybeats,Rock,"['australian rock', 'bubblegum pop', 'classic garage rock', 'folk rock', 'freakbeat', 'merseybeat', 'protopunk', 'psychedelic rock']"
13,0.771,0.655,3,-10.842,0,0.0372,0.152,0.00197,0.0685,0.97,119.747,audio_features,1ZPlNanZsJSPK5h9YZZFbZ,spotify:track:1ZPlNanZsJSPK5h9YZZFbZ,https://api.spotify.com/v1/tracks/1ZPlNanZsJSPK5h9YZZFbZ,https://api.spotify.com/v1/audio-analysis/1ZPlNanZsJSPK5h9YZZFbZ,218627,4,Like a Virgin,Madonna,Pop,"['dance pop', 'pop']"
14,0.396,0.473,10,-7.67,0,0.0345,0.326,0.000124,0.109,0.385,133.449,audio_features,5t9KYe0Fhd5cW6UYT4qP8f,spotify:track:5t9KYe0Fhd5cW6UYT4qP8f,https://api.spotify.com/v1/tracks/5t9KYe0Fhd5cW6UYT4qP8f,https://api.spotify.com/v1/audio-analysis/5t9KYe0Fhd5cW6UYT4qP8f,219027,4,Good Vibrations - Remastered 2001,The Beach Boys,Pop,"['baroque pop', 'brill building pop', 'classic rock', 'psychedelic rock', 'rock', 'sunshine pop']"
15,0.513,0.396,7,-13.061,1,0.0299,0.251,0.177,0.11,0.229,140.208,audio_features,6HSXNV0b4M4cLJ7ljgVVeh,spotify:track:6HSXNV0b4M4cLJ7ljgVVeh,https://api.spotify.com/v1/tracks/6HSXNV0b4M4cLJ7ljgVVeh,https://api.spotify.com/v1/audio-analysis/6HSXNV0b4M4cLJ7ljgVVeh,149880,4,Knockin' On Heaven's Door,Bob Dylan,Rock,"['classic rock', 'country rock', 'folk', 'folk rock', 'mellow gold', 'rock', 'roots rock', 'singer-songwriter']"
16,0.579,0.508,2,-9.484,1,0.027,0.00574,0.000494,0.0575,0.609,147.125,audio_features,40riOy7x9W7GXjyGp4pjAv,spotify:track:40riOy7x9W7GXjyGp4pjAv,https://api.spotify.com/v1/tracks/40riOy7x9W7GXjyGp4pjAv,https://api.spotify.com/v1/audio-analysis/40riOy7x9W7GXjyGp4pjAv,391376,4,Hotel California - 2013 Remaster,Eagles,Rock,"['album rock', 'classic rock', 'country rock', 'folk rock', 'heartland rock', 'mellow gold', 'rock', 'soft rock', 'yacht rock']"
17,0.583,0.545,2,-11.698,0,0.0351,0.232,0.0,0.133,0.801,153.249,audio_features,2R7858bg0GHuBBxjTyOL7N,spotify:track:2R7858bg0GHuBBxjTyOL7N,https://api.spotify.com/v1/tracks/2R7858bg0GHuBBxjTyOL7N,https://api.spotify.com/v1/audio-analysis/2R7858bg0GHuBBxjTyOL7N,302600,4,Careless Whisper,George Michael,Pop,"['new wave pop', 'soft rock']"
18,0.565,0.764,1,-9.43,1,0.0351,0.0139,0.00488,0.079,0.686,100.891,audio_features,7gozgbG5EBTukCFWToTRA5,spotify:track:7gozgbG5EBTukCFWToTRA5,https://api.spotify.com/v1/tracks/7gozgbG5EBTukCFWToTRA5,https://api.spotify.com/v1/audio-analysis/7gozgbG5EBTukCFWToTRA5,277480,4,I Still Haven't Found What I'm Looking For - Remastered 2007,U2,Rock,"['irish rock', 'permanent wave', 'rock']"
19,0.805,0.558,0,-5.226,1,0.041,0.164,2.2e-05,0.0546,0.965,114.95,audio_features,7s25THrKz86DM225dOYwnr,spotify:track:7s25THrKz86DM225dOYwnr,https://api.spotify.com/v1/tracks/7s25THrKz86DM225dOYwnr,https://api.spotify.com/v1/audio-analysis/7s25THrKz86DM225dOYwnr,147600,4,Respect,Aretha Franklin,Soul,"['classic soul', 'jazz blues', 'memphis soul', 'soul', 'southern soul']"
20,0.332,0.214,4,-12.518,1,0.0349,0.845,5.62e-06,0.0839,0.11,67.531,audio_features,4eHbdreAnSOrDDsFfc4Fpm,spotify:track:4eHbdreAnSOrDDsFfc4Fpm,https://api.spotify.com/v1/tracks/4eHbdreAnSOrDDsFfc4Fpm,https://api.spotify.com/v1/audio-analysis/4eHbdreAnSOrDDsFfc4Fpm,271093,4,I Will Always Love You,Whitney Houston,Pop,"['dance pop', 'pop', 'urban contemporary']"
21,0.864,0.515,0,-6.967,1,0.0367,0.571,7.92e-05,0.0947,0.755,129.048,audio_features,1qk9ujVgudgU8CyhKOx8ji,spotify:track:1qk9ujVgudgU8CyhKOx8ji,https://api.spotify.com/v1/tracks/1qk9ujVgudgU8CyhKOx8ji,https://api.spotify.com/v1/audio-analysis/1qk9ujVgudgU8CyhKOx8ji,244893,4,Somebody That I Used To Know,Gotye,Pop,['australian pop']
22,0.598,0.676,0,-9.211,1,0.0279,0.13,0.225,0.112,0.805,114.169,audio_features,5MMnwYs0hIxkENRsbkWJ2G,spotify:track:5MMnwYs0hIxkENRsbkWJ2G,https://api.spotify.com/v1/tracks/5MMnwYs0hIxkENRsbkWJ2G,https://api.spotify.com/v1/audio-analysis/5MMnwYs0hIxkENRsbkWJ2G,340742,4,Smoke On The Water - Remastered 2012,Deep Purple,Rock,"['album rock', 'blues rock', 'classic rock', 'hard rock', 'metal', 'rock']"
23,0.445,0.49,0,-8.807,1,0.0264,0.301,1.47e-06,0.0964,0.342,93.61,audio_features,4zVyMSnXjxM734u4SQTqVx,spotify:track:4zVyMSnXjxM734u4SQTqVx,https://api.spotify.com/v1/tracks/4zVyMSnXjxM734u4SQTqVx,https://api.spotify.com/v1/audio-analysis/4zVyMSnXjxM734u4SQTqVx,188050,4,Better Be Home Soon,Crowded House,Rock,"['australian rock', 'mellow gold', 'permanent wave', 'pop rock', 'rock', 'soft rock']"
24,0.407,0.565,3,-11.487,0,0.0322,0.361,0.000142,0.105,0.502,125.096,audio_features,6l8BhUGXyQWFGWJY5tohDC,spotify:track:6l8BhUGXyQWFGWJY5tohDC,https://api.spotify.com/v1/tracks/6l8BhUGXyQWFGWJY5tohDC,https://api.spotify.com/v1/audio-analysis/6l8BhUGXyQWFGWJY5tohDC,430453,4,Light My Fire - 2017 Remaster,The Doors,Rock,"['acid rock', 'classic rock', 'psychedelic rock', 'rock']"
25,0.746,0.79,11,-4.7,0,0.0257,0.0485,0.0261,0.0534,0.891,107.231,audio_features,46RVKt5Edm1zl0rXhPJZxz,spotify:track:46RVKt5Edm1zl0rXhPJZxz,https://api.spotify.com/v1/tracks/46RVKt5Edm1zl0rXhPJZxz,https://api.spotify.com/v1/audio-analysis/46RVKt5Edm1zl0rXhPJZxz,220867,4,Down Under,Men At Work,Rock,"['album rock', 'australian rock', 'mellow gold', 'new romantic', 'new wave', 'new wave pop', 'rock', 'soft rock']"
26,0.378,0.896,2,-4.066,1,0.0407,0.000452,0.0,0.194,0.469,174.302,audio_features,5qqabIl2vWzo9ApSC317sa,spotify:track:5qqabIl2vWzo9ApSC317sa,https://api.spotify.com/v1/tracks/5qqabIl2vWzo9ApSC317sa,https://api.spotify.com/v1/audio-analysis/5qqabIl2vWzo9ApSC317sa,258773,4,Wonderwall - Remastered,Oasis,Pop,"['beatlesque', 'britpop', 'madchester', 'permanent wave', 'rock']"
27,0.245,0.833,1,-5.555,0,0.116,0.105,0.0,0.359,0.805,205.375,audio_features,7av4raprzW2bWdjyAaH3hz,spotify:track:7av4raprzW2bWdjyAaH3hz,https://api.spotify.com/v1/tracks/7av4raprzW2bWdjyAaH3hz,https://api.spotify.com/v1/audio-analysis/7av4raprzW2bWdjyAaH3hz,231271,4,What's Going On,Marvin Gaye,Soul,"['classic soul', 'funk', 'indie r&b', 'motown', 'northern soul', 'quiet storm', 'soul']"
28,0.464,0.913,7,-4.215,1,0.18,0.141,0.0,0.173,0.667,164.092,audio_features,04MGO8KdFKUcqQY3qVX0U4,spotify:track:04MGO8KdFKUcqQY3qVX0U4,https://api.spotify.com/v1/tracks/04MGO8KdFKUcqQY3qVX0U4,https://api.spotify.com/v1/audio-analysis/04MGO8KdFKUcqQY3qVX0U4,250670,4,Khe Sanh,Cold Chisel,Pop,"['australian pop', 'australian rock']"
29,0.706,0.563,10,-15.564,0,0.0342,0.0704,0.00151,0.152,0.955,103.613,audio_features,32NqW4lERGa0uTQLXeXh65,spotify:track:32NqW4lERGa0uTQLXeXh65,https://api.spotify.com/v1/tracks/32NqW4lERGa0uTQLXeXh65,https://api.spotify.com/v1/audio-analysis/32NqW4lERGa0uTQLXeXh65,281667,4,"Stayin' Alive - From ""Saturday Night Fever"" Soundtrack",Bee Gees,Rock,"['disco', 'mellow gold', 'soft rock']"
30,0.426,0.584,1,-5.293,1,0.296,0.0383,0.0,0.188,0.272,193.437,audio_features,5R9a4t5t5O0IsznsrKPVro,spotify:track:5R9a4t5t5O0IsznsrKPVro,https://api.spotify.com/v1/tracks/5R9a4t5t5O0IsznsrKPVro,https://api.spotify.com/v1/audio-analysis/5R9a4t5t5O0IsznsrKPVro,193213,4,Single Ladies (Put a Ring on It),Beyoncé,Pop,"['dance pop', 'pop', 'post-teen pop', 'r&b']"
31,0.764,0.842,11,-6.923,1,0.0326,0.0987,0.0,0.117,0.863,110.029,audio_features,0n6FMFq5bE22tNTmd6L9U4,spotify:track:0n6FMFq5bE22tNTmd6L9U4,https://api.spotify.com/v1/tracks/0n6FMFq5bE22tNTmd6L9U4,https://api.spotify.com/v1/audio-analysis/0n6FMFq5bE22tNTmd6L9U4,172720,4,Wannabe,Spice Girls,Pop,"['dance pop', 'europop', 'girl group', 'pop']"
32,0.609,0.657,1,-11.496,1,0.0695,0.0308,0.00221,0.071,0.872,100.607,audio_features,1kryOQS9FQDsbYY4db5zS5,spotify:track:1kryOQS9FQDsbYY4db5zS5,https://api.spotify.com/v1/tracks/1kryOQS9FQDsbYY4db5zS5,https://api.spotify.com/v1/audio-analysis/1kryOQS9FQDsbYY4db5zS5,266160,4,Superstition,Stevie Wonder,Soul,"['funk', 'motown', 'quiet storm', 'soul']"
33,0.766,0.563,9,-7.516,0,0.0339,0.0263,0.683,0.115,0.964,126.007,audio_features,7m2g1kKuF7Tre2PzjK3Lnh,spotify:track:7m2g1kKuF7Tre2PzjK3Lnh,https://api.spotify.com/v1/tracks/7m2g1kKuF7Tre2PzjK3Lnh,https://api.spotify.com/v1/audio-analysis/7m2g1kKuF7Tre2PzjK3Lnh,230640,4,Can't Get You out of My Head,Kylie Minogue,Pop,"['australian dance', 'australian pop', 'dance pop', 'electropop', 'eurodance', 'europop', 'new wave pop', 'pop']"
34,0.559,0.345,4,-13.496,1,0.0459,0.0576,0.000105,0.141,0.458,84.581,audio_features,3d9DChrdc6BOeFsbrZ3Is0,spotify:track:3d9DChrdc6BOeFsbrZ3Is0,https://api.spotify.com/v1/tracks/3d9DChrdc6BOeFsbrZ3Is0,https://api.spotify.com/v1/audio-analysis/3d9DChrdc6BOeFsbrZ3Is0,264307,4,Under the Bridge,Red Hot Chili Peppers,Alternative,"['alternative rock', 'funk metal', 'funk rock', 'permanent wave']"
35,0.459,0.681,2,-8.773,1,0.0794,0.254,0.0,0.498,0.68,125.02,audio_features,7wawEkN4nhPqSBWleGvdxa,spotify:track:7wawEkN4nhPqSBWleGvdxa,https://api.spotify.com/v1/tracks/7wawEkN4nhPqSBWleGvdxa,https://api.spotify.com/v1/audio-analysis/7wawEkN4nhPqSBWleGvdxa,304440,4,You Took The Words Right Out of My Mouth (Hot Summer Night),Meat Loaf,Rock,"['album rock', 'classic rock', 'mellow gold', 'rock', 'soft rock']"
36,0.661,0.552,10,-12.385,1,0.0337,0.214,0.0,0.206,0.928,92.056,audio_features,3XDeeP9wBZzGhIPZmLfEEx,spotify:track:3XDeeP9wBZzGhIPZmLfEEx,https://api.spotify.com/v1/tracks/3XDeeP9wBZzGhIPZmLfEEx,https://api.spotify.com/v1/audio-analysis/3XDeeP9wBZzGhIPZmLfEEx,252760,4,Karma Chameleon,Culture Club,Pop,"['disco', 'mellow gold', 'new romantic', 'new wave', 'new wave pop', 'soft rock', 'synthpop']"
37,0.431,0.59,4,-6.362,1,0.0284,0.163,1.11e-05,0.0981,0.257,150.193,audio_features,7CKbqqrs0AS1si1ZgaQdcj,spotify:track:7CKbqqrs0AS1si1ZgaQdcj,https://api.spotify.com/v1/tracks/7CKbqqrs0AS1si1ZgaQdcj,https://api.spotify.com/v1/audio-analysis/7CKbqqrs0AS1si1ZgaQdcj,265333,4,Angels,Robbie Williams,Pop,"['dance pop', 'dance rock', 'europop', 'pop']"
38,0.723,0.49,9,-14.745,0,0.0296,0.111,0.0946,0.0923,0.795,129.012,audio_features,05oETzWbd4SI33qK2gbJfR,spotify:track:05oETzWbd4SI33qK2gbJfR,https://api.spotify.com/v1/tracks/05oETzWbd4SI33qK2gbJfR,https://api.spotify.com/v1/audio-analysis/05oETzWbd4SI33qK2gbJfR,252773,4,Rhiannon,Fleetwood Mac,Rock,"['album rock', 'classic rock', 'mellow gold', 'rock', 'soft rock', 'yacht rock']"
39,0.577,0.828,6,-8.691,0,0.0298,0.00213,0.0114,0.0581,0.604,123.257,audio_features,1bdXMstfxFWYSkEFTnJMoN,spotify:track:1bdXMstfxFWYSkEFTnJMoN,https://api.spotify.com/v1/tracks/1bdXMstfxFWYSkEFTnJMoN,https://api.spotify.com/v1/audio-analysis/1bdXMstfxFWYSkEFTnJMoN,331267,4,Enter Sandman,Metallica,Rock,"['hard rock', 'metal', 'old school thrash', 'rock', 'thrash metal']"
40,0.697,0.55,2,-11.496,1,0.179,0.856,3.44e-05,0.0907,0.844,84.802,audio_features,01u6AEzGbGbQyYVdxajxqk,spotify:track:01u6AEzGbGbQyYVdxajxqk,https://api.spotify.com/v1/tracks/01u6AEzGbGbQyYVdxajxqk,https://api.spotify.com/v1/audio-analysis/01u6AEzGbGbQyYVdxajxqk,122893,4,Don't Be Cruel,Elvis Presley,Rock,"['rock-and-roll', 'rockabilly']"
41,0.795,0.63,10,-7.217,0,0.0841,0.0419,0.575,0.0894,0.785,108.701,audio_features,1sR4aKaHpLrc9u7g4ii90U,spotify:track:1sR4aKaHpLrc9u7g4ii90U,https://api.spotify.com/v1/tracks/1sR4aKaHpLrc9u7g4ii90U,https://api.spotify.com/v1/audio-analysis/1sR4aKaHpLrc9u7g4ii90U,181107,4,Need You Tonight,INXS,Rock,"['australian rock', 'classic rock', 'dance rock', 'funk rock', 'mellow gold', 'new romantic', 'new wave', 'new wave pop', 'rock', 'soft rock']"
42,0.31,0.403,0,-13.664,1,0.0326,0.0726,9.27e-05,0.139,0.466,134.48,audio_features,72Z17vmmeQKAg8bptWvpVG,spotify:track:72Z17vmmeQKAg8bptWvpVG,https://api.spotify.com/v1/tracks/72Z17vmmeQKAg8bptWvpVG,https://api.spotify.com/v1/audio-analysis/72Z17vmmeQKAg8bptWvpVG,318027,4,Space Oddity - 2015 Remaster,David Bowie,Rock,"['art rock', 'classic rock', 'glam rock', 'permanent wave', 'rock']"
43,0.492,0.845,2,-5.686,1,0.0442,0.0297,0.00121,0.209,0.495,86.988,audio_features,4xqw8JSmfNdHLCuT23pHiv,spotify:track:4xqw8JSmfNdHLCuT23pHiv,https://api.spotify.com/v1/tracks/4xqw8JSmfNdHLCuT23pHiv,https://api.spotify.com/v1/audio-analysis/4xqw8JSmfNdHLCuT23pHiv,275493,4,Last Goodbye,Jeff Buckley,Rock,"['melancholia', 'permanent wave', 'rock', 'singer-songwriter']"
44,0.707,0.788,6,-5.269,1,0.0333,0.214,0.000571,0.308,0.746,120.465,audio_features,2zjt2hHBbiv5SuxYg8Z7eP,spotify:track:2zjt2hHBbiv5SuxYg8Z7eP,https://api.spotify.com/v1/tracks/2zjt2hHBbiv5SuxYg8Z7eP,https://api.spotify.com/v1/audio-analysis/2zjt2hHBbiv5SuxYg8Z7eP,238120,4,Girls Just Want to Have Fun,Cyndi Lauper,Pop,"['mellow gold', 'new wave pop', 'permanent wave', 'soft rock']"
45,0.694,0.394,0,-15.881,1,0.0428,0.0781,0.000677,0.247,0.719,104.126,audio_features,4gMgiXfqyzZLMhsksGmbQV,spotify:track:4gMgiXfqyzZLMhsksGmbQV,https://api.spotify.com/v1/tracks/4gMgiXfqyzZLMhsksGmbQV,https://api.spotify.com/v1/audio-analysis/4gMgiXfqyzZLMhsksGmbQV,238747,4,"Another Brick in the Wall, Pt. 2",Pink Floyd,Rock,"['album rock', 'art rock', 'classic rock', 'progressive rock', 'psychedelic rock', 'rock', 'symphonic rock']"
46,0.701,0.952,4,-4.891,0,0.0507,2.56e-05,0.00121,0.354,0.767,122.288,audio_features,1WvO9c6UokTaCFLk76f07H,spotify:track:1WvO9c6UokTaCFLk76f07H,https://api.spotify.com/v1/tracks/1WvO9c6UokTaCFLk76f07H,https://api.spotify.com/v1/audio-analysis/1WvO9c6UokTaCFLk76f07H,243080,4,Treaty (Radio Mix),Yothu Yindi,Rock,"['australian indigenous', 'australian rock', 'didgeridoo']"
47,0.526,0.509,7,-10.893,1,0.0628,0.6,0.0,0.144,0.497,138.318,audio_features,2QgWuCtBpNIpl5trmKCxRf,spotify:track:2QgWuCtBpNIpl5trmKCxRf,https://api.spotify.com/v1/tracks/2QgWuCtBpNIpl5trmKCxRf,https://api.spotify.com/v1/audio-analysis/2QgWuCtBpNIpl5trmKCxRf,515867,4,American Pie,Don McLean,Rock,"['adult standards', 'classic rock', 'folk', 'folk rock', 'mellow gold', 'singer-songwriter', 'soft rock']"
48,0.511,0.574,5,-7.016,1,0.0273,0.0425,2.33e-05,0.105,0.161,119.917,audio_features,3nvuPQTw2zuFAVuLsC9IYQ,spotify:track:3nvuPQTw2zuFAVuLsC9IYQ,https://api.spotify.com/v1/tracks/3nvuPQTw2zuFAVuLsC9IYQ,https://api.spotify.com/v1/audio-analysis/3nvuPQTw2zuFAVuLsC9IYQ,280040,4,Nothing Compares 2 U,Sinéad O'Connor,Pop,"['lilith', 'new wave pop', 'pop rock']"
49,0.659,0.678,0,-8.18,1,0.0313,0.157,6.69e-06,0.0784,0.647,106.186,audio_features,2DnJjbjNTV9Nd5NOa1KGba,spotify:track:2DnJjbjNTV9Nd5NOa1KGba,https://api.spotify.com/v1/tracks/2DnJjbjNTV9Nd5NOa1KGba,https://api.spotify.com/v1/audio-analysis/2DnJjbjNTV9Nd5NOa1KGba,258411,4,You're so Vain,Carly Simon,Country,"['adult standards', 'country rock', 'folk', 'folk rock', 'mellow gold', 'soft rock']"
50,0.438,0.805,8,-6.237,1,0.0624,0.00255,5.69e-05,0.0842,0.564,113.253,audio_features,2aoo2jlRnM3A0NyLQqMN2f,spotify:track:2aoo2jlRnM3A0NyLQqMN2f,https://api.spotify.com/v1/tracks/2aoo2jlRnM3A0NyLQqMN2f,https://api.spotify.com/v1/audio-analysis/2aoo2jlRnM3A0NyLQqMN2f,240800,4,All Along the Watchtower,Jimi Hendrix,Rock,"['acid rock', 'album rock', 'blues rock', 'classic rock', 'psychedelic rock', 'rock']"
51,0.475,0.432,7,-7.844,1,0.0302,0.183,0.0,0.161,0.648,94.605,audio_features,6ORqU0bHbVCRjXm9AjyHyZ,spotify:track:6ORqU0bHbVCRjXm9AjyHyZ,https://api.spotify.com/v1/tracks/6ORqU0bHbVCRjXm9AjyHyZ,https://api.spotify.com/v1/audio-analysis/6ORqU0bHbVCRjXm9AjyHyZ,153467,4,Good Riddance (Time of Your Life),Green Day,Pop,"['permanent wave', 'punk']"
52,0.551,0.628,2,-13.799,1,0.036,0.0336,0.000194,0.151,0.777,142.167,audio_features,0vLwL4xuJ3s7SeaCdvMqkY,spotify:track:0vLwL4xuJ3s7SeaCdvMqkY,https://api.spotify.com/v1/tracks/0vLwL4xuJ3s7SeaCdvMqkY,https://api.spotify.com/v1/audio-analysis/0vLwL4xuJ3s7SeaCdvMqkY,212893,4,Call Me,Blondie,Pop,"['candy pop', 'new wave', 'new wave pop', 'permanent wave', 'power pop', 'rock']"
53,0.856,0.609,0,-7.223,1,0.0824,0.00801,8.15e-05,0.0344,0.928,114.988,audio_features,32OlwWuMpZ6b0aN2RZOeMS,spotify:track:32OlwWuMpZ6b0aN2RZOeMS,https://api.spotify.com/v1/tracks/32OlwWuMpZ6b0aN2RZOeMS,https://api.spotify.com/v1/audio-analysis/32OlwWuMpZ6b0aN2RZOeMS,269667,4,Uptown Funk (feat. Bruno Mars),Mark Ronson,Pop,"['dance pop', 'neo soul', 'pop']"
54,0.774,0.747,8,-7.302,1,0.0928,0.0671,0.0,0.112,0.881,113.298,audio_features,2Cm7WEVdiXiWSjfEBHFtRu,spotify:track:2Cm7WEVdiXiWSjfEBHFtRu,https://api.spotify.com/v1/tracks/2Cm7WEVdiXiWSjfEBHFtRu,https://api.spotify.com/v1/audio-analysis/2Cm7WEVdiXiWSjfEBHFtRu,210373,4,Blame It on the Boogie,The Jacksons,Soul,"['disco', 'funk', 'motown', 'quiet storm', 'soul']"
55,0.776,0.763,5,-8.124,1,0.0534,0.182,0.00647,0.077,0.82,128.433,audio_features,0qxYx4F3vm1AOnfux6dDxP,spotify:track:0qxYx4F3vm1AOnfux6dDxP,https://api.spotify.com/v1/tracks/0qxYx4F3vm1AOnfux6dDxP,https://api.spotify.com/v1/audio-analysis/0qxYx4F3vm1AOnfux6dDxP,280000,4,You Can Call Me Al,Paul Simon,Rock,"['classic rock', 'folk', 'folk rock', 'mellow gold', 'permanent wave', 'rock', 'roots rock', 'singer-songwriter', 'soft rock']"
56,0.57,0.765,4,-5.782,1,0.0264,0.156,0.00528,0.317,0.93,112.966,audio_features,3T0ggmh35mdaTCXT2c0wkb,spotify:track:3T0ggmh35mdaTCXT2c0wkb,https://api.spotify.com/v1/tracks/3T0ggmh35mdaTCXT2c0wkb,https://api.spotify.com/v1/audio-analysis/3T0ggmh35mdaTCXT2c0wkb,233493,4,Throw Your Arms Around Me,Hunters & Collectors,Alternative,"['australian alternative rock', 'australian pop', 'australian rock']"
57,0.334,0.472,0,-8.792,1,0.0277,0.6,3.77e-06,0.317,0.431,179.167,audio_features,3FCto7hnn1shUyZL42YgfO,spotify:track:3FCto7hnn1shUyZL42YgfO,https://api.spotify.com/v1/tracks/3FCto7hnn1shUyZL42YgfO,https://api.spotify.com/v1/audio-analysis/3FCto7hnn1shUyZL42YgfO,336093,3,Piano Man,Billy Joel,Rock,"['classic rock', 'folk rock', 'mellow gold', 'piano rock', 'rock', 'singer-songwriter', 'soft rock']"
58,0.376,0.944,11,-3.882,1,0.0959,0.0115,3.89e-05,0.15,0.397,138.322,audio_features,6FQ5fUnSBAg5bujBlT62CL,spotify:track:6FQ5fUnSBAg5bujBlT62CL,https://api.spotify.com/v1/tracks/6FQ5fUnSBAg5bujBlT62CL,https://api.spotify.com/v1/audio-analysis/6FQ5fUnSBAg5bujBlT62CL,250147,4,Working Class Man,Jimmy Barnes,Pop,"['australian pop', 'australian rock']"
59,0.947,0.655,5,-4.243,0,0.0609,0.0331,0.0,0.0433,0.787,104.485,audio_features,1MYlx4dBtiyjn7K8YSyfzT,spotify:track:1MYlx4dBtiyjn7K8YSyfzT,https://api.spotify.com/v1/tracks/1MYlx4dBtiyjn7K8YSyfzT,https://api.spotify.com/v1/audio-analysis/1MYlx4dBtiyjn7K8YSyfzT,284800,4,The Real Slim Shady,Eminem,Rap,"['detroit hip hop', 'hip hop', 'rap']"
60,0.443,0.956,2,-6.198,1,0.0511,5.24e-05,0.825,0.135,0.909,146.754,audio_features,2JO3HwMRPeya8bXbtbyPcf,spotify:track:2JO3HwMRPeya8bXbtbyPcf,https://api.spotify.com/v1/tracks/2JO3HwMRPeya8bXbtbyPcf,https://api.spotify.com/v1/audio-analysis/2JO3HwMRPeya8bXbtbyPcf,206867,4,Love Will Tear Us Apart,Joy Division,Alternative,"['alternative rock', 'art rock', 'madchester', 'new wave', 'post-punk', 'rock', 'uk post-punk']"
61,0.6,0.614,0,-6.132,1,0.0375,0.315,2.38e-05,0.0911,0.663,168.068,audio_features,41Za52zU5QKSgVg0CxWO68,spotify:track:41Za52zU5QKSgVg0CxWO68,https://api.spotify.com/v1/tracks/41Za52zU5QKSgVg0CxWO68,https://api.spotify.com/v1/audio-analysis/41Za52zU5QKSgVg0CxWO68,277600,4,Truly Madly Deeply,Savage Garden,Pop,"['boy band', 'dance pop', 'europop', 'pop rock']"
62,0.446,0.239,0,-13.945,1,0.0316,0.551,4.1e-06,0.0697,0.298,189.507,audio_features,18AXbzPzBS8Y3AkgSxzJPb,spotify:track:18AXbzPzBS8Y3AkgSxzJPb,https://api.spotify.com/v1/tracks/18AXbzPzBS8Y3AkgSxzJPb,https://api.spotify.com/v1/audio-analysis/18AXbzPzBS8Y3AkgSxzJPb,336453,4,In The Air Tonight - 2015 Remastered,Phil Collins,Rock,"['mellow gold', 'rock drums', 'soft rock']"
63,0.751,0.834,1,-5.444,0,0.0437,0.3,1.77e-05,0.355,0.894,95.053,audio_features,6naxalmIoLFWR0siv8dnQQ,spotify:track:6naxalmIoLFWR0siv8dnQQ,https://api.spotify.com/v1/tracks/6naxalmIoLFWR0siv8dnQQ,https://api.spotify.com/v1/audio-analysis/6naxalmIoLFWR0siv8dnQQ,211160,4,Oops!...I Did It Again,Britney Spears,Pop,"['dance pop', 'pop', 'post-teen pop']"
64,0.586,0.7,0,-9.558,1,0.0363,0.0589,0.00125,0.0318,0.897,147.245,audio_features,1HOMkjp0nHMaTnfAkslCQj,spotify:track:1HOMkjp0nHMaTnfAkslCQj,https://api.spotify.com/v1/tracks/1HOMkjp0nHMaTnfAkslCQj,https://api.spotify.com/v1/audio-analysis/1HOMkjp0nHMaTnfAkslCQj,295400,4,My Sharona,The Knack,Rock,"['album rock', 'classic rock', 'new wave pop', 'power pop']"
65,0.671,0.849,9,-5.963,0,0.0283,0.0879,0.0,0.0971,0.801,125.429,audio_features,12axV6NUqaYH3yFUWwArzr,spotify:track:12axV6NUqaYH3yFUWwArzr,https://api.spotify.com/v1/tracks/12axV6NUqaYH3yFUWwArzr,https://api.spotify.com/v1/audio-analysis/12axV6NUqaYH3yFUWwArzr,269000,4,Losing My Religion,R.E.M.,Alternative,"['alternative rock', 'athens indie', 'classic rock', 'permanent wave', 'pop rock', 'rock']"
66,0.415,0.425,0,-11.082,1,0.0278,0.396,0.000407,0.143,0.281,145.234,audio_features,4BGJSbB5rAcg4pNzD4gfxU,spotify:track:4BGJSbB5rAcg4pNzD4gfxU,https://api.spotify.com/v1/tracks/4BGJSbB5rAcg4pNzD4gfxU,https://api.spotify.com/v1/audio-analysis/4BGJSbB5rAcg4pNzD4gfxU,377093,4,Tiny Dancer,Elton John,Rock,"['glam rock', 'mellow gold', 'piano rock']"
67,0.398,0.952,4,-6.042,1,0.061,0.000373,7.75e-05,0.1,0.584,122.093,audio_features,0dOg1ySSI7NkpAe89Zo0b9,spotify:track:0dOg1ySSI7NkpAe89Zo0b9,https://api.spotify.com/v1/tracks/0dOg1ySSI7NkpAe89Zo0b9,https://api.spotify.com/v1/audio-analysis/0dOg1ySSI7NkpAe89Zo0b9,278680,4,Born in the U.S.A.,Bruce Springsteen,Rock,"['classic rock', 'heartland rock', 'mellow gold', 'permanent wave', 'rock', 'singer-songwriter']"
68,0.871,0.709,6,-7.213,1,0.109,0.037,0.0,0.236,0.724,106.912,audio_features,32PCjJw8mk1FrJT2FcqRtT,spotify:track:32PCjJw8mk1FrJT2FcqRtT,https://api.spotify.com/v1/tracks/32PCjJw8mk1FrJT2FcqRtT,https://api.spotify.com/v1/audio-analysis/32PCjJw8mk1FrJT2FcqRtT,212747,4,Let's Talk About Sex,Salt-N-Pepa,Pop,"['dance pop', 'girl group', 'golden age hip hop', 'hip hop', 'hip pop', 'old school hip hop', 'pop rap', 'queens hip hop', 'rap']"
69,0.618,0.776,2,-5.16,1,0.0402,0.125,5.35e-05,0.0808,0.674,125.536,audio_features,2nCXuFS4Dt4BpHkxA9rhPL,spotify:track:2nCXuFS4Dt4BpHkxA9rhPL,https://api.spotify.com/v1/tracks/2nCXuFS4Dt4BpHkxA9rhPL,https://api.spotify.com/v1/audio-analysis/2nCXuFS4Dt4BpHkxA9rhPL,250067,4,Eagle Rock - 2011 Remaster,Daddy Cool,Rock,['australian rock']
70,0.447,0.809,0,-5.431,1,0.0295,0.00193,0.0,0.363,0.505,85.885,audio_features,251PhjPNakilcDWfUXCo2Y,spotify:track:251PhjPNakilcDWfUXCo2Y,https://api.spotify.com/v1/tracks/251PhjPNakilcDWfUXCo2Y,https://api.spotify.com/v1/audio-analysis/251PhjPNakilcDWfUXCo2Y,276707,4,My Happiness,Powderfinger,Alternative,"['australian alternative rock', 'australian pop', 'australian rock']"
71,0.221,0.966,5,-2.747,1,0.0962,0.0357,0.000187,0.967,0.354,150.641,audio_features,6JNLbLXIhXAhuUvEZsSyeY,spotify:track:6JNLbLXIhXAhuUvEZsSyeY,https://api.spotify.com/v1/tracks/6JNLbLXIhXAhuUvEZsSyeY,https://api.spotify.com/v1/audio-analysis/6JNLbLXIhXAhuUvEZsSyeY,455560,4,Hey Jude,Paul McCartney,Rock,"['album rock', 'art rock', 'beatlesque', 'classic rock', 'mellow gold', 'rock', 'soft rock']"
72,0.284,0.875,11,-6.069,0,0.0422,0.00752,0.000461,0.402,0.595,75.009,audio_features,1L94M3KIu7QluZe63g64rv,spotify:track:1L94M3KIu7QluZe63g64rv,https://api.spotify.com/v1/tracks/1L94M3KIu7QluZe63g64rv,https://api.spotify.com/v1/audio-analysis/1L94M3KIu7QluZe63g64rv,340907,4,Alive,Pearl Jam,Alternative,"['alternative rock', 'grunge', 'permanent wave', 'rock']"
73,0.73,0.77,8,-5.114,1,0.0298,0.138,0.0,0.0473,0.507,104.948,audio_features,1eq1wUnLVLg4pdEfx9kajC,spotify:track:1eq1wUnLVLg4pdEfx9kajC,https://api.spotify.com/v1/tracks/1eq1wUnLVLg4pdEfx9kajC,https://api.spotify.com/v1/audio-analysis/1eq1wUnLVLg4pdEfx9kajC,228093,4,Rolling in the Deep,Adele,Soul,"['british soul', 'pop', 'pop soul', 'uk pop']"
74,0.754,0.496,0,-8.7,1,0.0351,0.00539,0.000152,0.0871,0.341,119.186,audio_features,6Nabz5Gsy80XL0MJoOmgF8,spotify:track:6Nabz5Gsy80XL0MJoOmgF8,https://api.spotify.com/v1/tracks/6Nabz5Gsy80XL0MJoOmgF8,https://api.spotify.com/v1/audio-analysis/6Nabz5Gsy80XL0MJoOmgF8,258173,4,Beds Are Burning - Remastered,Midnight Oil,Rock,"['australian rock', 'rock']"
75,0.515,0.43,7,-9.935,1,0.0369,0.0102,0.000141,0.129,0.104,91.841,audio_features,6b2oQwSGFkzsMtQruIWm2p,spotify:track:6b2oQwSGFkzsMtQruIWm2p,https://api.spotify.com/v1/tracks/6b2oQwSGFkzsMtQruIWm2p,https://api.spotify.com/v1/audio-analysis/6b2oQwSGFkzsMtQruIWm2p,238640,4,Creep,Radiohead,Alternative,"['alternative rock', 'art rock', 'melancholia', 'oxford indie', 'permanent wave', 'rock']"
76,0.651,0.801,0,-7.34,1,0.0514,0.123,0.0,0.0825,0.776,133.769,audio_features,5jzma6gCzYtKB1DbEwFZKH,spotify:track:5jzma6gCzYtKB1DbEwFZKH,https://api.spotify.com/v1/tracks/5jzma6gCzYtKB1DbEwFZKH,https://api.spotify.com/v1/audio-analysis/5jzma6gCzYtKB1DbEwFZKH,200480,4,London Calling - Remastered,The Clash,Rock,"['classic rock', 'permanent wave', 'punk', 'rock']"
77,0.601,0.504,5,-9.761,1,0.0284,0.31,0.0,0.137,0.564,78.986,audio_features,24fQpRwKFkC3Fe8QtvvrNw,spotify:track:24fQpRwKFkC3Fe8QtvvrNw,https://api.spotify.com/v1/tracks/24fQpRwKFkC3Fe8QtvvrNw,https://api.spotify.com/v1/audio-analysis/24fQpRwKFkC3Fe8QtvvrNw,242267,4,Back for Good - Radio Mix,Take That,Pop,"['boy band', 'dance pop', 'europop', 'pop']"
78,0.717,0.837,9,-5.641,1,0.0278,0.244,0.000145,0.067,0.468,120.142,audio_features,2qUjP7g8WY3fzBCNTELwjy,spotify:track:2qUjP7g8WY3fzBCNTELwjy,https://api.spotify.com/v1/tracks/2qUjP7g8WY3fzBCNTELwjy,https://api.spotify.com/v1/audio-analysis/2qUjP7g8WY3fzBCNTELwjy,317200,4,Great Southern Land,ICEHOUSE,Rock,"['australian rock', 'mellow gold', 'new romantic', 'new wave', 'new wave pop', 'sophisti-pop', 'synthpop']"
79,0.577,0.749,5,-7.215,0,0.0279,0.599,0.0115,0.183,0.255,130.97,audio_features,0BCPKOYdS2jbQ8iyB56Zns,spotify:track:0BCPKOYdS2jbQ8iyB56Zns,https://api.spotify.com/v1/tracks/0BCPKOYdS2jbQ8iyB56Zns,https://api.spotify.com/v1/audio-analysis/0BCPKOYdS2jbQ8iyB56Zns,307880,4,Clocks,Coldplay,Pop,"['permanent wave', 'pop']"
80,0.673,0.752,9,-7.978,0,0.0491,0.00309,0.0,0.112,0.576,120.041,audio_features,2a1MrtxYybqFV1Ow8VJ1dW,spotify:track:2a1MrtxYybqFV1Ow8VJ1dW,https://api.spotify.com/v1/tracks/2a1MrtxYybqFV1Ow8VJ1dW,https://api.spotify.com/v1/audio-analysis/2a1MrtxYybqFV1Ow8VJ1dW,265027,4,I Will Survive - Rerecorded,Gloria Gaynor,Pop,['disco']
81,0.765,0.29,4,-17.117,0,0.139,0.0279,1.02e-06,0.571,0.506,92.409,audio_features,1MAqR81Tz28IIqMJ2KUDAO,spotify:track:1MAqR81Tz28IIqMJ2KUDAO,https://api.spotify.com/v1/tracks/1MAqR81Tz28IIqMJ2KUDAO,https://api.spotify.com/v1/audio-analysis/1MAqR81Tz28IIqMJ2KUDAO,298773,4,Killing Me Softly With His Song,Fugees,Rap,"['east coast hip hop', 'gangster rap', 'hip hop', 'new jersey rap', 'rap']"
82,0.82,0.452,1,-9.796,1,0.0348,0.543,0.00294,0.0701,0.74,117.401,audio_features,5C0LFQARavkPpn7JgA4sLk,spotify:track:5C0LFQARavkPpn7JgA4sLk,https://api.spotify.com/v1/tracks/5C0LFQARavkPpn7JgA4sLk,https://api.spotify.com/v1/audio-analysis/5C0LFQARavkPpn7JgA4sLk,253250,4,Every Breath You Take - Remastered 2003,The Police,Rock,"['album rock', 'art rock', 'classic rock', 'mellow gold', 'new wave', 'permanent wave', 'rock', 'soft rock']"
83,0.695,0.336,9,-12.999,1,0.0313,0.8,0.00264,0.701,0.422,79.109,audio_features,612VcBshQcy4mpB2utGc3H,spotify:track:612VcBshQcy4mpB2utGc3H,https://api.spotify.com/v1/tracks/612VcBshQcy4mpB2utGc3H,https://api.spotify.com/v1/audio-analysis/612VcBshQcy4mpB2utGc3H,280000,4,"Tears in Heaven - Acoustic; Live at MTV Unplugged, Bray Film Studios, Windsor, England, UK, 1/16/1992; 2013 Remaster",Eric Clapton,Rock,"['album rock', 'blues rock', 'classic rock', 'electric blues', 'mellow gold', 'rock', 'soft rock']"
84,0.725,0.859,7,-6.208,1,0.0636,0.0173,0.0137,0.048,0.53,131.697,audio_features,4EFkvOhgAmlHEfDfvfSoh5,spotify:track:4EFkvOhgAmlHEfDfvfSoh5,https://api.spotify.com/v1/tracks/4EFkvOhgAmlHEfDfvfSoh5,https://api.spotify.com/v1/audio-analysis/4EFkvOhgAmlHEfDfvfSoh5,212853,4,Girls on Film - 2010 Remaster,Duran Duran,Rock,"['dance rock', 'new romantic', 'new wave', 'new wave pop', 'rock', 'synthpop']"
85,0.432,0.709,2,-5.201,1,0.0347,0.104,9.84e-05,0.325,0.383,165.931,audio_features,2PjpTvzYS4Dfm7xyqkob2m,spotify:track:2PjpTvzYS4Dfm7xyqkob2m,https://api.spotify.com/v1/tracks/2PjpTvzYS4Dfm7xyqkob2m,https://api.spotify.com/v1/audio-analysis/2PjpTvzYS4Dfm7xyqkob2m,274800,4,The Real Thing,Russell Morris,Rock,['australian rock']
86,0.685,0.948,9,-5.182,1,0.0457,0.00513,0.00347,0.17,0.628,104.881,audio_features,1reVP49LT6RsV6kYY9lTZz,spotify:track:1reVP49LT6RsV6kYY9lTZz,https://api.spotify.com/v1/tracks/1reVP49LT6RsV6kYY9lTZz,https://api.spotify.com/v1/audio-analysis/1reVP49LT6RsV6kYY9lTZz,267947,4,MMMBop,Hanson,Pop,"['boy band', 'dance pop', 'neo mellow', 'pop rock']"
87,0.413,0.881,11,-5.541,0,0.0367,5.99e-05,0.000308,0.0805,0.364,158.066,audio_features,5UWwZ5lm5PKu6eKsHAGxOk,spotify:track:5UWwZ5lm5PKu6eKsHAGxOk,https://api.spotify.com/v1/tracks/5UWwZ5lm5PKu6eKsHAGxOk,https://api.spotify.com/v1/audio-analysis/5UWwZ5lm5PKu6eKsHAGxOk,250547,4,Everlong,Foo Fighters,Metal,"['alternative metal', 'alternative rock', 'modern rock', 'permanent wave', 'post-grunge', 'rock']"
88,0.62,0.573,0,-11.893,1,0.0423,0.271,0.0,0.0607,0.897,81.548,audio_features,0ikz6tENMONtK6qGkOrU3c,spotify:track:0ikz6tENMONtK6qGkOrU3c,https://api.spotify.com/v1/tracks/0ikz6tENMONtK6qGkOrU3c,https://api.spotify.com/v1/audio-analysis/0ikz6tENMONtK6qGkOrU3c,231333,4,Wake Me Up Before You Go-Go,Wham!,Pop,"['disco', 'europop', 'mellow gold', 'new romantic', 'new wave', 'new wave pop', 'soft rock', 'synthpop']"
89,0.434,0.872,0,-2.974,1,0.0702,0.0473,1.83e-06,0.396,0.732,71.515,audio_features,4osg3vT6sXv6wNxm9Z6ucQ,spotify:track:4osg3vT6sXv6wNxm9Z6ucQ,https://api.spotify.com/v1/tracks/4osg3vT6sXv6wNxm9Z6ucQ,https://api.spotify.com/v1/audio-analysis/4osg3vT6sXv6wNxm9Z6ucQ,213760,4,Rehab,Amy Winehouse,Soul,"['british soul', 'neo soul']"
90,0.619,0.67,11,-10.322,0,0.0353,0.00165,0.0109,0.331,0.777,129.269,audio_features,45Ia1U4KtIjAPPU7Wv1Sea,spotify:track:45Ia1U4KtIjAPPU7Wv1Sea,https://api.spotify.com/v1/tracks/45Ia1U4KtIjAPPU7Wv1Sea,https://api.spotify.com/v1/audio-analysis/45Ia1U4KtIjAPPU7Wv1Sea,211933,4,Are You Gonna Go My Way,Lenny Kravitz,Rock,"['permanent wave', 'pop rock', 'rock']"
91,0.332,0.822,0,-6.558,0,0.0988,0.165,9.33e-05,0.161,0.745,96.253,audio_features,6UdCTwbVAvNqbWyZKZiRWL,spotify:track:6UdCTwbVAvNqbWyZKZiRWL,https://api.spotify.com/v1/tracks/6UdCTwbVAvNqbWyZKZiRWL,https://api.spotify.com/v1/audio-analysis/6UdCTwbVAvNqbWyZKZiRWL,197320,4,My Generation - Original Mono Version,The Who,Rock,"['album rock', 'art rock', 'blues rock', 'british invasion', 'classic rock', 'hard rock', 'mellow gold', 'rock']"
92,0.389,0.889,9,-6.546,1,0.0442,0.0415,0.0,0.463,0.524,171.121,audio_features,5yEPxDjbbzUzyauGtnmVEC,spotify:track:5yEPxDjbbzUzyauGtnmVEC,https://api.spotify.com/v1/tracks/5yEPxDjbbzUzyauGtnmVEC,https://api.spotify.com/v1/audio-analysis/5yEPxDjbbzUzyauGtnmVEC,358427,4,Bitter Sweet Symphony,The Verve,Alternative,"['alternative rock', 'britpop', 'permanent wave', 'pop rock', 'rock', 'shoegaze']"
93,0.538,0.641,1,-6.582,1,0.0287,0.0275,0.00149,0.11,0.16,127.505,audio_features,5HBDU0kn4f4hkZMjABsltT,spotify:track:5HBDU0kn4f4hkZMjABsltT,https://api.spotify.com/v1/tracks/5HBDU0kn4f4hkZMjABsltT,https://api.spotify.com/v1/audio-analysis/5HBDU0kn4f4hkZMjABsltT,257733,4,Straight Lines,Silverchair,Metal,"['alternative metal', 'alternative rock', 'australian alternative rock', 'australian psych', 'grunge', 'nu metal', 'pop rock', 'post-grunge', 'rock']"
94,0.641,0.861,4,-6.9,1,0.0697,0.228,0.0,0.868,0.473,105.316,audio_features,17ZAZ24Eyh5fKqQ06u4R3d,spotify:track:17ZAZ24Eyh5fKqQ06u4R3d,https://api.spotify.com/v1/tracks/17ZAZ24Eyh5fKqQ06u4R3d,https://api.spotify.com/v1/audio-analysis/17ZAZ24Eyh5fKqQ06u4R3d,249760,4,You Oughta Know,Alanis Morissette,Alternative,"['alternative rock', 'canadian pop', 'canadian singer-songwriter', 'pop rock', 'singer-songwriter']"
95,0.92,0.654,11,-3.051,0,0.0401,0.0236,0.0158,0.0359,0.847,117.046,audio_features,5ChkMS8OtdzJeqyybCc9R5,spotify:track:5ChkMS8OtdzJeqyybCc9R5,https://api.spotify.com/v1/tracks/5ChkMS8OtdzJeqyybCc9R5,https://api.spotify.com/v1/audio-analysis/5ChkMS8OtdzJeqyybCc9R5,293827,4,Billie Jean,Michael Jackson,Pop,"['pop', 'r&b', 'soul']"
96,0.781,0.445,2,-6.061,1,0.0295,0.474,0.0,0.184,0.591,78.998,audio_features,34gCuhDGsG4bRPIf9bb02f,spotify:track:34gCuhDGsG4bRPIf9bb02f,https://api.spotify.com/v1/tracks/34gCuhDGsG4bRPIf9bb02f,https://api.spotify.com/v1/audio-analysis/34gCuhDGsG4bRPIf9bb02f,281560,4,Thinking out Loud,Ed Sheeran,Pop,"['pop', 'uk pop']"
97,0.529,0.127,11,-16.066,1,0.0274,0.611,0.000109,0.237,0.578,63.05,audio_features,3zByVQLvdXUaDTubfWkpCk,spotify:track:3zByVQLvdXUaDTubfWkpCk,https://api.spotify.com/v1/tracks/3zByVQLvdXUaDTubfWkpCk,https://api.spotify.com/v1/audio-analysis/3zByVQLvdXUaDTubfWkpCk,203573,4,Sweet Caroline,Neil Diamond,Pop,"['adult standards', 'brill building pop', 'classic rock', 'folk rock', 'mellow gold', 'singer-songwriter', 'soft rock', 'yacht rock']"
98,0.666,0.667,2,-9.305,0,0.0371,0.043,0.0005,0.074,0.679,134.219,audio_features,4WfGrAJVC3A5xhUTja0gUG,spotify:track:4WfGrAJVC3A5xhUTja0gUG,https://api.spotify.com/v1/tracks/4WfGrAJVC3A5xhUTja0gUG,https://api.spotify.com/v1/audio-analysis/4WfGrAJVC3A5xhUTja0gUG,510933,4,Money For Nothing,Dire Straits,Rock,"['album rock', 'classic rock', 'mellow gold', 'rock']"
99,0.658,0.709,8,-6.736,1,0.0904,0.00188,0.00447,0.0657,0.855,129.699,audio_features,3GfOAdcoc3X5GPiiXmpBjK,spotify:track:3GfOAdcoc3X5GPiiXmpBjK,https://api.spotify.com/v1/tracks/3GfOAdcoc3X5GPiiXmpBjK,https://api.spotify.com/v1/audio-analysis/3GfOAdcoc3X5GPiiXmpBjK,121880,4,Song 2,Blur,Alternative,"['alternative rock', 'britpop', 'madchester', 'modern rock', 'permanent wave', 'pop rock', 'rock']"
